{
  "data": [
    {
      "Date": "2024/8/21",
      "Time": "16:0:31",
      "Student": "102214238",
      "Delta": 0.05667774503710669,
      "Theta": 0.0008023972735649956,
      "Low_Alpha": 0.08520890240996958,
      "High_Alpha": 0.24821758396413265,
      "Low_Beta": 0.1636964225023623,
      "High_Beta": 0.014712688208886417,
      "Low_Gamma": 0.22832863368362494,
      "Mid_Gamma": 0.20235562692035242,
      "PoorSignal": 51

    }
  ]
}